Image,Element,Material,Condition,Color
Badceramic1.png,floor,ceramic,bad,white
Badceramic10.png,floor,ceramic,bad,brown
Badceramic100.png,floor,ceramic,bad,white
Badceramic101.png,floor,ceramic,bad,white
Badceramic102.png,floor,ceramic,bad,grey
Badceramic103.png,floor,ceramic,bad,white
Badceramic107.png,floor,ceramic,bad,white
Badceramic108.png,floor,ceramic,bad,mix
Badceramic11.png,floor,ceramic,bad,brown
Badceramic110.png,floor,ceramic,bad,grey
Badceramic111.png,floor,ceramic,bad,white
Badceramic115.png,floor,ceramic,bad,mix
Badceramic116.png,floor,ceramic,bad,white
Badceramic117.png,floor,ceramic,bad,mix
Badceramic118.png,floor,ceramic,bad,brown
Badceramic12.png,floor,ceramic,bad,grey
Badceramic122.png,floor,ceramic,bad,blue
Badceramic124.png,floor,ceramic,bad,mix
Badceramic126.png,floor,ceramic,bad,mix
Badceramic127.png,floor,ceramic,bad,grey
Badceramic13.png,floor,ceramic,bad,black
Badceramic132.png,floor,ceramic,bad,brown
Badceramic137.png,floor,ceramic,bad,white
Badceramic14.png,floor,ceramic,bad,grey
Badceramic140.png,floor,ceramic,bad,white
Badceramic142.png,floor,ceramic,bad,brown
Badceramic146.png,floor,ceramic,bad,mix
Badceramic148.png,floor,ceramic,bad,brown
Badceramic153.png,floor,ceramic,bad,green
Badceramic154.png,floor,ceramic,bad,white
Badceramic155.png,floor,ceramic,bad,grey
Badceramic160.png,floor,ceramic,bad,mix
Badceramic161.png,floor,ceramic,bad,brown
Badceramic164.png,floor,ceramic,bad,blue
Badceramic165.png,floor,ceramic,bad,brown
Badceramic167.png,floor,ceramic,bad,green
Badceramic168.png,floor,ceramic,bad,white
Badceramic17.png,floor,ceramic,bad,white
Badceramic170.png,floor,ceramic,bad,white
Badceramic172.png,floor,ceramic,bad,grey
Badceramic173.png,floor,ceramic,bad,grey
Badceramic176.png,floor,ceramic,bad,brown
Badceramic177.png,floor,ceramic,bad,white
Badceramic178.png,floor,ceramic,bad,white
Badceramic18.png,floor,ceramic,bad,white
Badceramic180.png,floor,ceramic,bad,brown
Badceramic181.png,floor,ceramic,bad,brown
Badceramic183.png,floor,ceramic,bad,white
Badceramic188.png,floor,ceramic,bad,white
Badceramic189.png,floor,ceramic,bad,white
Badceramic19.png,floor,ceramic,bad,white
Badceramic193.png,floor,ceramic,bad,white
Badceramic194.png,floor,ceramic,bad,brown
Badceramic195.png,floor,ceramic,bad,white
Badceramic196.png,floor,ceramic,bad,white
Badceramic2.png,floor,ceramic,bad,brown
Badceramic20.png,floor,ceramic,bad,brown
Badceramic204.png,floor,ceramic,bad,grey
Badceramic205.png,floor,ceramic,bad,grey
Badceramic206.png,floor,ceramic,bad,brown
Badceramic208.png,floor,ceramic,bad,brown
Badceramic21.png,floor,ceramic,bad,black
Badceramic210.png,floor,ceramic,bad,grey
Badceramic212.png,floor,ceramic,bad,white
Badceramic213.png,floor,ceramic,bad,brown
Badceramic218.png,floor,ceramic,bad,grey
Badceramic22.png,floor,ceramic,bad,white
Badceramic221.png,floor,ceramic,bad,grey
Badceramic23.png,floor,ceramic,bad,brown
Badceramic232.png,floor,ceramic,bad,brown
Badceramic235.png,floor,ceramic,bad,white
Badceramic237.png,floor,ceramic,bad,white
Badceramic238.png,floor,ceramic,bad,grey
Badceramic239.png,floor,ceramic,bad,grey
Badceramic241.png,floor,ceramic,bad,white
Badceramic244.png,floor,ceramic,bad,white
Badceramic246.png,floor,ceramic,bad,brown
Badceramic249.png,floor,ceramic,bad,white
Badceramic25.png,floor,ceramic,bad,brown
Badceramic254.png,floor,ceramic,bad,brown
Badceramic256.png,floor,ceramic,bad,grey
Badceramic259.png,floor,ceramic,bad,brown
Badceramic260.png,floor,ceramic,bad,white
Badceramic264.png,floor,ceramic,bad,white
Badceramic267.png,floor,ceramic,bad,brown
Badceramic270.png,floor,ceramic,bad,white
Badceramic277.png,floor,ceramic,bad,brown
Badceramic279.png,floor,ceramic,bad,white
Badceramic28.png,floor,ceramic,bad,black
Badceramic285.png,floor,ceramic,bad,white
Badceramic289.png,floor,ceramic,bad,brown
Badceramic296.png,floor,ceramic,bad,mix
Badceramic3.png,floor,ceramic,bad,white
Badceramic31.png,floor,ceramic,bad,brown
Badceramic32.png,floor,ceramic,bad,brown
Badceramic33.png,floor,ceramic,bad,brown
Badceramic34.png,floor,ceramic,bad,brown
Badceramic39.png,floor,ceramic,bad,brown
Badceramic44.png,floor,ceramic,bad,black
Badceramic45.png,floor,ceramic,bad,white
Badceramic46.png,floor,ceramic,bad,brown
Badceramic47.png,floor,ceramic,bad,white
Badceramic49.png,floor,ceramic,bad,white
Badceramic50.png,floor,ceramic,bad,grey
Badceramic54.png,floor,ceramic,bad,grey
Badceramic62.png,floor,ceramic,bad,white
Badceramic63.png,floor,ceramic,bad,brown
Badceramic64.png,floor,ceramic,bad,brown
Badceramic67.png,floor,ceramic,bad,grey
Badceramic68.png,floor,ceramic,bad,brown
Badceramic69.png,floor,ceramic,bad,white
Badceramic7.png,floor,ceramic,bad,white
Badceramic70.png,floor,ceramic,bad,brown
Badceramic76.png,floor,ceramic,bad,grey
Badceramic80.png,floor,ceramic,bad,white
Badceramic84.png,floor,ceramic,bad,red
Badceramic86.png,floor,ceramic,bad,brown
Badceramic87.png,floor,ceramic,bad,yellow
Badceramic88.png,floor,ceramic,bad,white
Badceramic89.png,floor,ceramic,bad,brown
Badceramic9.png,floor,ceramic,bad,brown
Badceramic90.png,floor,ceramic,bad,grey
Badceramic91.png,floor,ceramic,bad,mix
Badceramic92.png,floor,ceramic,bad,brown
Badceramic93.png,floor,ceramic,bad,grey
Badceramic94.png,floor,ceramic,bad,brown
Badceramic97.png,floor,ceramic,bad,white
Badceramic98.png,floor,ceramic,bad,grey
Badstone1.png,floor,stone,bad,grey
Badstone10.png,floor,stone,bad,grey
Badstone106.png,floor,stone,bad,white
Badstone11.png,floor,stone,bad,white
Badstone112.png,floor,stone,bad,grey
Badstone113.png,floor,stone,bad,grey
Badstone118.png,floor,stone,bad,brown
Badstone12.png,floor,stone,bad,white
Badstone123.png,floor,stone,bad,grey
Badstone128.png,floor,stone,bad,grey
Badstone130.png,floor,stone,bad,grey
Badstone143.png,floor,stone,bad,grey
Badstone144.png,floor,stone,bad,grey
Badstone145.png,floor,stone,bad,brown
Badstone15.png,floor,stone,bad,white
Badstone154.png,floor,stone,bad,brown
Badstone16.png,floor,stone,bad,grey
Badstone163.png,floor,stone,bad,grey
Badstone166.png,floor,stone,bad,white
Badstone17.png,floor,stone,bad,grey
Badstone170.png,floor,stone,bad,black
Badstone171.png,floor,stone,bad,white
Badstone187.png,floor,stone,bad,white
Badstone188.png,floor,stone,bad,grey
Badstone189.png,floor,stone,bad,grey
Badstone191.png,floor,stone,bad,grey
Badstone192.png,floor,stone,bad,brown
Badstone193.png,floor,stone,bad,brown
Badstone195.png,floor,stone,bad,grey
Badstone2.png,floor,stone,bad,mix
Badstone20.png,floor,stone,bad,grey
Badstone21.png,floor,stone,bad,grey
Badstone212.png,floor,stone,bad,grey
Badstone228.png,floor,stone,bad,grey
Badstone23.png,floor,stone,bad,grey
Badstone234.png,floor,stone,bad,black
Badstone235.png,floor,stone,bad,grey
Badstone237.png,floor,stone,bad,grey
Badstone245.png,floor,stone,bad,brown
Badstone249.png,floor,stone,bad,white
Badstone25.png,floor,stone,bad,white
Badstone27.png,floor,stone,bad,grey
Badstone271.png,floor,stone,bad,grey
Badstone28.png,floor,stone,bad,grey
Badstone280.png,floor,stone,bad,white
Badstone289.png,floor,stone,bad,grey
Badstone3.png,floor,stone,bad,mix
Badstone33.png,floor,stone,bad,brown
Badstone34.png,floor,stone,bad,grey
Badstone35.png,floor,stone,bad,brown
Badstone36.png,floor,stone,bad,grey
Badstone37.png,floor,stone,bad,grey
Badstone38.png,floor,stone,bad,grey
Badstone39.png,floor,stone,bad,grey
Badstone4.png,floor,stone,bad,grey
Badstone41.png,floor,stone,bad,brown
Badstone44.png,floor,stone,bad,grey
Badstone45.png,floor,stone,bad,brown
Badstone47.png,floor,stone,bad,grey
Badstone49.png,floor,stone,bad,mix
Badstone5.png,floor,stone,bad,brown
Badstone50.png,floor,stone,bad,brown
Badstone52.png,floor,stone,bad,grey
Badstone53.png,floor,stone,bad,grey
Badstone55.png,floor,stone,bad,black
Badstone56.png,floor,stone,bad,grey
Badstone57.png,floor,stone,bad,brown
Badstone59.png,floor,stone,bad,grey
Badstone6.png,floor,stone,bad,grey
Badstone60.png,floor,stone,bad,grey
Badstone63.png,floor,stone,bad,grey
Badstone66.png,floor,stone,bad,grey
Badstone67.png,floor,stone,bad,brown
Badstone68.png,floor,stone,bad,grey
Badstone69.png,floor,stone,bad,grey
Badstone7.png,floor,stone,bad,mix
Badstone74.png,floor,stone,bad,grey
Badstone75.png,floor,stone,bad,brown
Badstone76.png,floor,stone,bad,grey
Badstone77.png,floor,stone,bad,grey
Badstone78.png,floor,stone,bad,grey
Badstone79.png,floor,stone,bad,grey
Badstone8.png,floor,stone,bad,grey
Badstone80.png,floor,stone,bad,grey
Badstone81.png,floor,stone,bad,black
Badstone82.png,floor,stone,bad,grey
Badstone83.png,floor,stone,bad,grey
Badstone84.png,floor,stone,bad,grey
Badstone85.png,floor,stone,bad,mix
Badstone88.png,floor,stone,bad,mix
Badstone89.png,floor,stone,bad,white
Badstone9.png,floor,stone,bad,brown
Badstone91.png,floor,stone,bad,white
Badstone93.png,floor,stone,bad,grey
Badstone97.png,floor,stone,bad,white
Badstone99.png,floor,stone,bad,grey
Badwood1.png,floor,wood,bad,brown
Badwood10.png,floor,wood,bad,brown
Badwood100.png,floor,wood,bad,brown
Badwood101.png,floor,wood,bad,brown
Badwood102.png,floor,wood,bad,brown
Badwood105.png,floor,wood,bad,brown
Badwood106.png,floor,wood,bad,brown
Badwood109.png,floor,wood,bad,brown
Badwood11.png,floor,wood,bad,brown
Badwood110.png,floor,wood,bad,brown
Badwood112.png,floor,wood,bad,brown
Badwood113.png,floor,wood,bad,brown
Badwood116.png,floor,wood,bad,brown
Badwood12.png,floor,wood,bad,brown
Badwood124.png,floor,wood,bad,brown
Badwood125.png,floor,wood,bad,brown
Badwood136.png,floor,wood,bad,brown
Badwood138.png,floor,wood,bad,brown
Badwood139.png,floor,wood,bad,brown
Badwood14.png,floor,wood,bad,brown
Badwood144.png,floor,wood,bad,brown
Badwood146.png,floor,wood,bad,brown
Badwood158.png,floor,wood,bad,brown
Badwood159.png,floor,wood,bad,brown
Badwood16.png,floor,wood,bad,brown
Badwood163.png,floor,wood,bad,blue
Badwood167.png,floor,wood,bad,brown
Badwood168.png,floor,wood,bad,brown
Badwood17.png,floor,wood,bad,brown
Badwood18.png,floor,wood,bad,brown
Badwood182.png,floor,wood,bad,brown
Badwood19.png,floor,wood,bad,brown
Badwood193.png,floor,wood,bad,brown
Badwood2.png,floor,wood,bad,brown
Badwood200.png,floor,wood,bad,brown
Badwood201.png,floor,wood,bad,brown
Badwood21.png,floor,wood,bad,brown
Badwood212.png,floor,wood,bad,brown
Badwood214.png,floor,wood,bad,brown
Badwood22.png,floor,wood,bad,brown
Badwood23.png,floor,wood,bad,brown
Badwood237.png,floor,wood,bad,brown
Badwood25.png,floor,wood,bad,brown
Badwood253.png,floor,wood,bad,brown
Badwood26.png,floor,wood,bad,brown
Badwood28.png,floor,wood,bad,brown
Badwood29.png,floor,wood,bad,brown
Badwood3.png,floor,wood,bad,brown
Badwood30.png,floor,wood,bad,brown
Badwood35.png,floor,wood,bad,brown
Badwood36.png,floor,wood,bad,brown
Badwood37.png,floor,wood,bad,brown
Badwood38.png,floor,wood,bad,brown
Badwood39.png,floor,wood,bad,brown
Badwood4.png,floor,wood,bad,brown
Badwood42.png,floor,wood,bad,brown
Badwood43.png,floor,wood,bad,brown
Badwood44.png,floor,wood,bad,brown
Badwood46.png,floor,wood,bad,brown
Badwood47.png,floor,wood,bad,brown
Badwood49.png,floor,wood,bad,brown
Badwood5.png,floor,wood,bad,brown
Badwood51.png,floor,wood,bad,brown
Badwood53.png,floor,wood,bad,brown
Badwood55.png,floor,wood,bad,brown
Badwood56.png,floor,wood,bad,brown
Badwood59.png,floor,wood,bad,brown
Badwood6.png,floor,wood,bad,brown
Badwood60.png,floor,wood,bad,brown
Badwood61.png,floor,wood,bad,brown
Badwood62.png,floor,wood,bad,brown
Badwood63.png,floor,wood,bad,brown
Badwood64.png,floor,wood,bad,brown
Badwood65.png,floor,wood,bad,brown
Badwood66.png,floor,wood,bad,brown
Badwood7.png,floor,wood,bad,brown
Badwood70.png,floor,wood,bad,brown
Badwood74.png,floor,wood,bad,brown
Badwood75.png,floor,wood,bad,brown
Badwood8.png,floor,wood,bad,brown
Badwood80.png,floor,wood,bad,brown
Badwood83.png,floor,wood,bad,brown
Badwood85.png,floor,wood,bad,brown
Badwood88.png,floor,wood,bad,brown
Badwood89.png,floor,wood,bad,brown
Badwood9.png,floor,wood,bad,brown
Badwood91.png,floor,wood,bad,brown
Badwood92.png,floor,wood,bad,brown
Badwood93.png,floor,wood,bad,brown
Badwood96.png,floor,wood,bad,brown
Badwood99.png,floor,wood,bad,brown
Ceramictiles1.png,floor,ceramic,good,white
Ceramictiles10.png,floor,ceramic,good,grey
Ceramictiles100.png,floor,ceramic,good,white
Ceramictiles102.png,floor,ceramic,good,mix
Ceramictiles103.png,floor,ceramic,good,brown
Ceramictiles104.png,floor,ceramic,good,brown
Ceramictiles105.png,floor,ceramic,good,brown
Ceramictiles106.png,floor,ceramic,good,brown
Ceramictiles107.png,floor,ceramic,good,grey
Ceramictiles108.png,floor,ceramic,good,brown
Ceramictiles109.png,floor,ceramic,good,white
Ceramictiles11.png,floor,ceramic,good,mix
Ceramictiles110.png,floor,ceramic,good,mix
Ceramictiles111.png,floor,ceramic,good,grey
Ceramictiles112.png,floor,ceramic,good,grey
Ceramictiles113.png,floor,ceramic,good,mix
Ceramictiles114.png,floor,ceramic,good,white
Ceramictiles115.png,floor,ceramic,good,grey
Ceramictiles116.png,floor,ceramic,good,mix
Ceramictiles118.png,floor,ceramic,good,grey
Ceramictiles119.png,floor,ceramic,good,white
Ceramictiles12.png,floor,ceramic,good,white
Ceramictiles120.png,floor,ceramic,good,grey
Ceramictiles121.png,floor,ceramic,good,grey
Ceramictiles122.png,floor,ceramic,good,white
Ceramictiles123.png,floor,ceramic,good,black
Ceramictiles124.png,floor,ceramic,good,mix
Ceramictiles125.png,floor,ceramic,good,grey
Ceramictiles128.png,floor,ceramic,good,brown
Ceramictiles129.png,floor,ceramic,good,brwon
Ceramictiles13.png,floor,ceramic,good,white
Ceramictiles130.png,floor,ceramic,good,brown
Ceramictiles131.png,floor,ceramic,good,mix
Ceramictiles132.png,floor,ceramic,good,brown
Ceramictiles133.png,floor,ceramic,good,grey
Ceramictiles134.png,floor,ceramic,good,grey
Ceramictiles136.png,floor,ceramic,good,brown
Ceramictiles137.png,floor,ceramic,good,white
Ceramictiles138.png,floor,ceramic,good,blue
Ceramictiles139.png,floor,ceramic,good,white
Ceramictiles14.png,floor,ceramic,good,brown
Ceramictiles140.png,floor,ceramic,good,brown
Ceramictiles141.png,floor,ceramic,good,mix
Ceramictiles142.png,floor,ceramic,good,white
Ceramictiles143.png,floor,ceramic,good,grey
Ceramictiles144.png,floor,ceramic,good,black
Ceramictiles145.png,floor,ceramic,good,white
Ceramictiles146.png,floor,ceramic,good,brown
Ceramictiles147.png,floor,ceramic,good,mix
Ceramictiles148.png,floor,ceramic,good,white
Ceramictiles149.png,floor,ceramic,good,white
Ceramictiles15.png,floor,ceramic,good,grey
Ceramictiles150.png,floor,ceramic,good,white
Ceramictiles151.png,floor,ceramic,good,mix
Ceramictiles152.png,floor,ceramic,good,brown
Ceramictiles153.png,floor,ceramic,good,brown
Ceramictiles154.png,floor,ceramic,good,brown
Ceramictiles156.png,floor,ceramic,good,brown
Ceramictiles157.png,floor,ceramic,good,white
Ceramictiles158.png,floor,ceramic,good,white
Ceramictiles159.png,floor,ceramic,good,white
Ceramictiles16.png,floor,ceramic,good,grey
Ceramictiles160.png,floor,ceramic,good,grey
Ceramictiles161.png,floor,ceramic,good,brown
Ceramictiles162.png,floor,ceramic,good,mix
Ceramictiles163.png,floor,ceramic,good,white
Ceramictiles165.png,floor,ceramic,good,white
Ceramictiles166.png,floor,ceramic,good,grey
Ceramictiles167.png,floor,ceramic,good,brown
Ceramictiles168.png,floor,ceramic,good,grey
Ceramictiles169.png,floor,ceramic,good,grey
Ceramictiles17.png,floor,ceramic,good,grey
Ceramictiles170.png,floor,ceramic,good,grey
Ceramictiles171.png,floor,ceramic,good,mix
Ceramictiles172.png,floor,ceramic,good,white
Ceramictiles173.png,floor,ceramic,good,grey
Ceramictiles174.png,floor,ceramic,good,brown
Ceramictiles176.png,floor,ceramic,good,grey
Ceramictiles177.png,floor,ceramic,good,brown
Ceramictiles178.png,floor,ceramic,good,brown
Ceramictiles179.png,floor,ceramic,good,brown
Ceramictiles18.png,floor,ceramic,good,grey
Ceramictiles180.png,floor,ceramic,good,brown
Ceramictiles181.png,floor,ceramic,good,brown
Ceramictiles182.png,floor,ceramic,good,brown
Ceramictiles183.png,floor,ceramic,good,brown
Ceramictiles184.png,floor,ceramic,good,brown
Ceramictiles185.png,floor,ceramic,good,red
Ceramictiles186.png,floor,ceramic,good,brown
Ceramictiles187.png,floor,ceramic,good,mix
Ceramictiles188.png,floor,ceramic,good,brown
Ceramictiles189.png,floor,ceramic,good,brown
Ceramictiles19.png,floor,ceramic,good,white
Ceramictiles190.png,floor,ceramic,good,grey
Ceramictiles191.png,floor,ceramic,good,brown
Ceramictiles192.png,floor,ceramic,good,white
Ceramictiles193.png,floor,ceramic,good,brown
Ceramictiles194.png,floor,ceramic,good,grey
Ceramictiles195.png,floor,ceramic,good,brown
Ceramictiles196.png,floor,ceramic,good,grey
Ceramictiles197.png,floor,ceramic,good,grey
Ceramictiles198.png,floor,ceramic,good,mix
Ceramictiles199.png,floor,ceramic,good,white
Ceramictiles2.png,floor,ceramic,good,white
Ceramictiles20.png,floor,ceramic,good,brown
Ceramictiles201.png,floor,ceramic,good,grey
Ceramictiles202.png,floor,ceramic,good,grey
Ceramictiles203.png,floor,ceramic,good,brown
Ceramictiles204.png,floor,ceramic,good,brown
Ceramictiles205.png,floor,ceramic,good,brown
Ceramictiles206.png,floor,ceramic,good,grey
Ceramictiles207.png,floor,ceramic,good,brown
Ceramictiles208.png,floor,ceramic,good,grey
Ceramictiles209.png,floor,ceramic,good,grey
Ceramictiles210.png,floor,ceramic,good,grey
Ceramictiles211.png,floor,ceramic,good,grey
Ceramictiles212.png,floor,ceramic,good,white
Ceramictiles213.png,floor,ceramic,good,grey
Ceramictiles214.png,floor,ceramic,good,grey
Ceramictiles215.png,floor,ceramic,good,brown
Ceramictiles216.png,floor,ceramic,good,white
Ceramictiles217.png,floor,ceramic,good,grey
Ceramictiles218.png,floor,ceramic,good,white
Ceramictiles219.png,floor,ceramic,good,mix
Ceramictiles22.png,floor,ceramic,good,grey
Ceramictiles220.png,floor,ceramic,good,black
Ceramictiles222.png,floor,ceramic,good,grey
Ceramictiles223.png,floor,ceramic,good,white
Ceramictiles224.png,floor,ceramic,good,white
Ceramictiles226.png,floor,ceramic,good,mix
Ceramictiles227.png,floor,ceramic,good,brown
Ceramictiles228.png,floor,ceramic,good,white
Ceramictiles229.png,floor,ceramic,good,grey
Ceramictiles23.png,floor,ceramic,good,mix
Ceramictiles230.png,floor,ceramic,good,grey
Ceramictiles231.png,floor,ceramic,good,grey
Ceramictiles232.png,floor,ceramic,good,grey
Ceramictiles233.png,floor,ceramic,good,grey
Ceramictiles234.png,floor,ceramic,good,grey
Ceramictiles235.png,floor,ceramic,good,grey
Ceramictiles236.png,floor,ceramic,good,grey
Ceramictiles237.png,floor,ceramic,good,white
Ceramictiles238.png,floor,ceramic,good,brown
Ceramictiles239.png,floor,ceramic,good,black
Ceramictiles24.png,floor,ceramic,good,grey
Ceramictiles240.png,floor,ceramic,good,grey
Ceramictiles241.png,floor,ceramic,good,brown
Ceramictiles242.png,floor,ceramic,good,brown
Ceramictiles243.png,floor,ceramic,good,white
Ceramictiles244.png,floor,ceramic,good,mix
Ceramictiles245.png,floor,ceramic,good,brown
Ceramictiles246.png,floor,ceramic,good,mix
Ceramictiles247.png,floor,ceramic,good,grey
Ceramictiles248.png,floor,ceramic,good,brown
Ceramictiles249.png,floor,ceramic,good,brown
Ceramictiles25.png,floor,ceramic,good,grey
Ceramictiles251.png,floor,ceramic,good,mix
Ceramictiles252.png,floor,ceramic,good,brown
Ceramictiles253.png,floor,ceramic,good,brown
Ceramictiles254.png,floor,ceramic,good,grey
Ceramictiles255.png,floor,ceramic,good,grey
Ceramictiles256.png,floor,ceramic,good,grey
Ceramictiles257.png,floor,ceramic,good,brown
Ceramictiles258.png,floor,ceramic,good,brown
Ceramictiles259.png,floor,ceramic,good,brown
Ceramictiles260.png,floor,ceramic,good,grey
Ceramictiles261.png,floor,ceramic,good,grey
Ceramictiles262.png,floor,ceramic,good,mix
Ceramictiles263.png,floor,ceramic,good,grey
Ceramictiles264.png,floor,ceramic,good,grey
Ceramictiles265.png,floor,ceramic,good,grey
Ceramictiles266.png,floor,ceramic,good,mix
Ceramictiles267.png,floor,ceramic,good,grey
Ceramictiles268.png,floor,ceramic,good,grey
Ceramictiles27.png,floor,ceramic,good,grey
Ceramictiles270.png,floor,ceramic,good,grey
Ceramictiles271.png,floor,ceramic,good,mix
Ceramictiles272.png,floor,ceramic,good,white
Ceramictiles273.png,floor,ceramic,good,grey
Ceramictiles274.png,floor,ceramic,good,grey
Ceramictiles276.png,floor,ceramic,good,black
Ceramictiles277.png,floor,ceramic,good,white
Ceramictiles278.png,floor,ceramic,good,mix
Ceramictiles279.png,floor,ceramic,good,white
Ceramictiles28.png,floor,ceramic,good,grey
Ceramictiles280.png,floor,ceramic,good,mix
Ceramictiles281.png,floor,ceramic,good,white
Ceramictiles282.png,floor,ceramic,good,brown
Ceramictiles283.png,floor,ceramic,good,white
Ceramictiles284.png,floor,ceramic,good,mix
Ceramictiles285.png,floor,ceramic,good,mix
Ceramictiles286.png,floor,ceramic,good,brown
Ceramictiles287.png,floor,ceramic,good,mix
Ceramictiles288.png,floor,ceramic,good,white
Ceramictiles289.png,floor,ceramic,good,brown
Ceramictiles29.png,floor,ceramic,good,grey
Ceramictiles290.png,floor,ceramic,good,blue
Ceramictiles291.png,floor,ceramic,good,brown
Ceramictiles292.png,floor,ceramic,good,white
Ceramictiles293.png,floor,ceramic,good,white
Ceramictiles294.png,floor,ceramic,good,mix
Ceramictiles295.png,floor,ceramic,good,brown
Ceramictiles296.png,floor,ceramic,good,grey
Ceramictiles297.png,floor,ceramic,good,white
Ceramictiles298.png,floor,ceramic,good,grey
Ceramictiles299.png,floor,ceramic,good,grey
Ceramictiles3.png,floor,ceramic,good,grey
Ceramictiles30.png,floor,ceramic,good,grey
Ceramictiles31.png,floor,ceramic,good,brown
Ceramictiles32.png,floor,ceramic,good,grey
Ceramictiles33.png,floor,ceramic,good,grey
Ceramictiles34.png,floor,ceramic,good,white
Ceramictiles35.png,floor,ceramic,good,grey
Ceramictiles36.png,floor,ceramic,good,grey
Ceramictiles37.png,floor,ceramic,good,black
Ceramictiles38.png,floor,ceramic,good,white
Ceramictiles39.png,floor,ceramic,good,grey
Ceramictiles4.png,floor,ceramic,good,white
Ceramictiles40.png,floor,ceramic,good,grey
Ceramictiles41.png,floor,ceramic,good,white
Ceramictiles42.png,floor,ceramic,good,brown
Ceramictiles43.png,floor,ceramic,good,grey
Ceramictiles44.png,floor,ceramic,good,white
Ceramictiles45.png,floor,ceramic,good,white
Ceramictiles46.png,floor,ceramic,good,grey
Ceramictiles47.png,floor,ceramic,good,white
Ceramictiles48.png,floor,ceramic,good,grey
Ceramictiles49.png,floor,ceramic,good,grey
Ceramictiles5.png,floor,ceramic,good,white
Ceramictiles50.png,floor,ceramic,good,grey
Ceramictiles52.png,floor,ceramic,good,grey
Ceramictiles53.png,floor,ceramic,good,brown
Ceramictiles54.png,floor,ceramic,good,grey
Ceramictiles55.png,floor,ceramic,good,black
Ceramictiles56.png,floor,ceramic,good,brown
Ceramictiles57.png,floor,ceramic,good,brown
Ceramictiles58.png,floor,ceramic,good,black
Ceramictiles59.png,floor,ceramic,good,brown
Ceramictiles6.png,floor,ceramic,good,grey
Ceramictiles60.png,floor,ceramic,good,brown
Ceramictiles61.png,floor,ceramic,good,brown
Ceramictiles62.png,floor,ceramic,good,mix
Ceramictiles63.png,floor,ceramic,good,white
Ceramictiles64.png,floor,ceramic,good,white
Ceramictiles65.png,floor,ceramic,good,mix
Ceramictiles67.png,floor,ceramic,good,white
Ceramictiles68.png,floor,ceramic,good,black
Ceramictiles69.png,floor,ceramic,good,black
Ceramictiles7.png,floor,ceramic,good,white
Ceramictiles70.png,floor,ceramic,good,mix
Ceramictiles71.png,floor,ceramic,good,grey
Ceramictiles72.png,floor,ceramic,good,grey
Ceramictiles73.png,floor,ceramic,good,grey
Ceramictiles74.png,floor,ceramic,good,mix
Ceramictiles75.png,floor,ceramic,good,brown
Ceramictiles77.png,floor,ceramic,good,black
Ceramictiles78.png,floor,ceramic,good,brown
Ceramictiles79.png,floor,ceramic,good,grey
Ceramictiles8.png,floor,ceramic,good,white
Ceramictiles80.png,floor,ceramic,good,white
Ceramictiles81.png,floor,ceramic,good,white
Ceramictiles82.png,floor,ceramic,good,mix
Ceramictiles83.png,floor,ceramic,good,mix
Ceramictiles84.png,floor,ceramic,good,brown
Ceramictiles85.png,floor,ceramic,good,white
Ceramictiles86.png,floor,ceramic,good,brown
Ceramictiles87.png,floor,ceramic,good,grey
Ceramictiles88.png,floor,ceramic,good,mix
Ceramictiles89.png,floor,ceramic,good,brown
Ceramictiles9.png,floor,ceramic,good,white
Ceramictiles90.png,floor,ceramic,good,brown
Ceramictiles91.png,floor,ceramic,good,grey
Ceramictiles92.png,floor,ceramic,good,grey
Ceramictiles93.png,floor,ceramic,good,grey
Ceramictiles94.png,floor,ceramic,good,grey
Ceramictiles95.png,floor,ceramic,good,grey
Ceramictiles96.png,floor,ceramic,good,brown
Ceramictiles97.png,floor,ceramic,good,brown
Ceramictiles98.png,floor,ceramic,good,white
Ceramictiles99.png,floor,ceramic,good,grey
Stonefloor1.png,floor,stone,good,grey
Stonefloor10.png,floor,stone,good,brown
Stonefloor100.png,floor,stone,good,brown
Stonefloor101.png,floor,stone,good,grey
Stonefloor104.png,floor,stone,good,brown
Stonefloor106.png,floor,stone,good,black
Stonefloor108.png,floor,stone,good,mix
Stonefloor109.png,floor,stone,good,grey
Stonefloor11.png,floor,stone,good,grey
Stonefloor110.png,floor,stone,good,mix
Stonefloor111.png,floor,stone,good,brown
Stonefloor112.png,floor,stone,good,brown
Stonefloor113.png,floor,stone,good,grey
Stonefloor114.png,floor,stone,good,brown
Stonefloor115.png,floor,stone,good,grey
Stonefloor116.png,floor,stone,good,brown
Stonefloor117.png,floor,stone,good,grey
Stonefloor118.png,floor,stone,good,grey
Stonefloor119.png,floor,stone,good,grey
Stonefloor12.png,floor,stone,good,grey
Stonefloor120.png,floor,stone,good,brown
Stonefloor122.png,floor,stone,good,grey
Stonefloor123.png,floor,stone,good,grey
Stonefloor124.png,floor,stone,good,grey
Stonefloor125.png,floor,stone,good,grey
Stonefloor126.png,floor,stone,good,white
Stonefloor128.png,floor,stone,good,grey
Stonefloor129.png,floor,stone,good,brown
Stonefloor13.png,floor,stone,good,grey
Stonefloor130.png,floor,stone,good,brown
Stonefloor131.png,floor,stone,good,brown
Stonefloor134.png,floor,stone,good,brown
Stonefloor135.png,floor,stone,good,brown
Stonefloor136.png,floor,stone,good,grey
Stonefloor138.png,floor,stone,good,brown
Stonefloor139.png,floor,stone,good,brown
Stonefloor14.png,floor,stone,good,mix
Stonefloor140.png,floor,stone,good,grey
Stonefloor141.png,floor,stone,good,grey
Stonefloor142.png,floor,stone,good,grey
Stonefloor144.png,floor,stone,good,grey
Stonefloor145.png,floor,stone,good,grey
Stonefloor146.png,floor,stone,good,grey
Stonefloor148.png,floor,stone,good,brown
Stonefloor149.png,floor,stone,good,brown
Stonefloor15.png,floor,stone,good,mix
Stonefloor151.png,floor,stone,good,black
Stonefloor152.png,floor,stone,good,grey
Stonefloor153.png,floor,stone,good,mix
Stonefloor154.png,floor,stone,good,brown
Stonefloor155.png,floor,stone,good,brown
Stonefloor157.png,floor,stone,good,grey
Stonefloor158.png,floor,stone,good,brown
Stonefloor159.png,floor,stone,good,grey
Stonefloor16.png,floor,stone,good,brown
Stonefloor160.png,floor,stone,good,grey
Stonefloor161.png,floor,stone,good,black
Stonefloor162.png,floor,stone,good,grey
Stonefloor163.png,floor,stone,good,brown
Stonefloor165.png,floor,stone,good,grey
Stonefloor166.png,floor,stone,good,brown
Stonefloor167.png,floor,stone,good,grey
Stonefloor168.png,floor,stone,good,white
Stonefloor169.png,floor,stone,good,grey
Stonefloor17.png,floor,stone,good,mix
Stonefloor170.png,floor,stone,good,grey
Stonefloor171.png,floor,stone,good,brown
Stonefloor172.png,floor,stone,good,brown
Stonefloor173.png,floor,stone,good,grey
Stonefloor175.png,floor,stone,good,grey
Stonefloor176.png,floor,stone,good,grey
Stonefloor177.png,floor,stone,good,brown
Stonefloor179.png,floor,stone,good,grey
Stonefloor18.png,floor,stone,good,grey
Stonefloor181.png,floor,stone,good,grey
Stonefloor182.png,floor,stone,good,brown
Stonefloor183.png,floor,stone,good,brown
Stonefloor184.png,floor,stone,good,grey
Stonefloor185.png,floor,stone,good,grey
Stonefloor186.png,floor,stone,good,black
Stonefloor187.png,floor,stone,good,black
Stonefloor188.png,floor,stone,good,grey
Stonefloor19.png,floor,stone,good,brown
Stonefloor190.png,floor,stone,good,grey
Stonefloor191.png,floor,stone,good,brown
Stonefloor192.png,floor,stone,good,grey
Stonefloor193.png,floor,stone,good,grey
Stonefloor194.png,floor,stone,good,grey
Stonefloor196.png,floor,stone,good,brown
Stonefloor198.png,floor,stone,good,brown
Stonefloor199.png,floor,stone,good,grey
Stonefloor2.png,floor,stone,good,grey
Stonefloor20.png,floor,stone,good,grey
Stonefloor202.png,floor,stone,good,brown
Stonefloor203.png,floor,stone,good,brown
Stonefloor204.png,floor,stone,good,grey
Stonefloor205.png,floor,stone,good,grey
Stonefloor206.png,floor,stone,good,grey
Stonefloor207.png,floor,stone,good,brown
Stonefloor209.png,floor,stone,good,brown
Stonefloor21.png,floor,stone,good,grey
Stonefloor212.png,floor,stone,good,brown
Stonefloor213.png,floor,stone,good,grey
Stonefloor214.png,floor,stone,good,brown
Stonefloor215.png,floor,stone,good,grey
Stonefloor216.png,floor,stone,good,grey
Stonefloor217.png,floor,stone,good,brown
Stonefloor218.png,floor,stone,good,grey
Stonefloor219.png,floor,stone,good,grey
Stonefloor22.png,floor,stone,good,grey
Stonefloor220.png,floor,stone,good,grey
Stonefloor221.png,floor,stone,good,grey
Stonefloor222.png,floor,stone,good,grey
Stonefloor223.png,floor,stone,good,brown
Stonefloor224.png,floor,stone,good,mix
Stonefloor226.png,floor,stone,good,black
Stonefloor227.png,floor,stone,good,grey
Stonefloor228.png,floor,stone,good,brown
Stonefloor229.png,floor,stone,good,brown
Stonefloor23.png,floor,stone,good,grey
Stonefloor230.png,floor,stone,good,white
Stonefloor233.png,floor,stone,good,brown
Stonefloor234.png,floor,stone,good,grey
Stonefloor235.png,floor,stone,good,brown
Stonefloor236.png,floor,stone,good,white
Stonefloor24.png,floor,stone,good,brown
Stonefloor240.png,floor,stone,good,brown
Stonefloor241.png,floor,stone,good,grey
Stonefloor243.png,floor,stone,good,grey
Stonefloor244.png,floor,stone,good,brown
Stonefloor245.png,floor,stone,good,mix
Stonefloor246.png,floor,stone,good,brown
Stonefloor247.png,floor,stone,good,grey
Stonefloor248.png,floor,stone,good,brown
Stonefloor249.png,floor,stone,good,brown
Stonefloor25.png,floor,stone,good,mix
Stonefloor250.png,floor,stone,good,grey
Stonefloor251.png,floor,stone,good,grey
Stonefloor252.png,floor,stone,good,grey
Stonefloor253.png,floor,stone,good,grey
Stonefloor254.png,floor,stone,good,brown
Stonefloor255.png,floor,stone,good,grey
Stonefloor256.png,floor,stone,good,grey
Stonefloor257.png,floor,stone,good,grey
Stonefloor258.png,floor,stone,good,white
Stonefloor259.png,floor,stone,good,grey
Stonefloor26.png,floor,stone,good,white
Stonefloor260.png,floor,stone,good,grey
Stonefloor261.png,floor,stone,good,brown
Stonefloor262.png,floor,stone,good,brown
Stonefloor263.png,floor,stone,good,grey
Stonefloor264.png,floor,stone,good,white
Stonefloor265.png,floor,stone,good,grey
Stonefloor266.png,floor,stone,good,grey
Stonefloor267.png,floor,stone,good,grey
Stonefloor268.png,floor,stone,good,grey
Stonefloor269.png,floor,stone,good,white
Stonefloor27.png,floor,stone,good,grey
Stonefloor270.png,floor,stone,good,grey
Stonefloor271.png,floor,stone,good,grey
Stonefloor272.png,floor,stone,good,grey
Stonefloor273.png,floor,stone,good,white
Stonefloor274.png,floor,stone,good,mix
Stonefloor275.png,floor,stone,good,grey
Stonefloor276.png,floor,stone,good,grey
Stonefloor277.png,floor,stone,good,brown
Stonefloor278.png,floor,stone,good,grey
Stonefloor279.png,floor,stone,good,grey
Stonefloor28.png,floor,stone,good,black
Stonefloor280.png,floor,stone,good,mix
Stonefloor281.png,floor,stone,good,grey
Stonefloor283.png,floor,stone,good,grey
Stonefloor284.png,floor,stone,good,mix
Stonefloor286.png,floor,stone,good,brown
Stonefloor287.png,floor,stone,good,brown
Stonefloor288.png,floor,stone,good,mix
Stonefloor289.png,floor,stone,good,grey
Stonefloor29.png,floor,stone,good,grey
Stonefloor290.png,floor,stone,good,white
Stonefloor292.png,floor,stone,good,mix
Stonefloor293.png,floor,stone,good,brown
Stonefloor294.png,floor,stone,good,brown
Stonefloor295.png,floor,stone,good,mix
Stonefloor296.png,floor,stone,good,grey
Stonefloor297.png,floor,stone,good,grey
Stonefloor298.png,floor,stone,good,mix
Stonefloor299.png,floor,stone,good,brown
Stonefloor3.png,floor,stone,good,black
Stonefloor30.png,floor,stone,good,brown
Stonefloor31.png,floor,stone,good,grey
Stonefloor32.png,floor,stone,good,grey
Stonefloor33.png,floor,stone,good,brown
Stonefloor34.png,floor,stone,good,grey
Stonefloor35.png,floor,stone,good,brown
Stonefloor36.png,floor,stone,good,black
Stonefloor37.png,floor,stone,good,black
Stonefloor39.png,floor,stone,good,grey
Stonefloor4.png,floor,stone,good,grey
Stonefloor40.png,floor,stone,good,grey
Stonefloor41.png,floor,stone,good,grey
Stonefloor42.png,floor,stone,good,grey
Stonefloor43.png,floor,stone,good,grey
Stonefloor44.png,floor,stone,good,grey
Stonefloor45.png,floor,stone,good,brown
Stonefloor47.png,floor,stone,good,grey
Stonefloor5.png,floor,stone,good,brown
Stonefloor50.png,floor,stone,good,white
Stonefloor51.png,floor,stone,good,grey
Stonefloor52.png,floor,stone,good,brown
Stonefloor53.png,floor,stone,good,grey
Stonefloor54.png,floor,stone,good,grey
Stonefloor55.png,floor,stone,good,white
Stonefloor56.png,floor,stone,good,grey
Stonefloor57.png,floor,stone,good,brown
Stonefloor58.png,floor,stone,good,brown
Stonefloor59.png,floor,stone,good,grey
Stonefloor6.png,floor,stone,good,grey
Stonefloor60.png,floor,stone,good,brown
Stonefloor61.png,floor,stone,good,grey
Stonefloor63.png,floor,stone,good,grey
Stonefloor64.png,floor,stone,good,grey
Stonefloor65.png,floor,stone,good,white
Stonefloor66.png,floor,stone,good,grey
Stonefloor67.png,floor,stone,good,grey
Stonefloor68.png,floor,stone,good,grey
Stonefloor69.png,floor,stone,good,brown
Stonefloor7.png,floor,stone,good,grey
Stonefloor70.png,floor,stone,good,grey
Stonefloor71.png,floor,stone,good,brown
Stonefloor72.png,floor,stone,good,mix
Stonefloor73.png,floor,stone,good,grey
Stonefloor74.png,floor,stone,good,grey
Stonefloor75.png,floor,stone,good,grey
Stonefloor77.png,floor,stone,good,grey
Stonefloor78.png,floor,stone,good,brown
Stonefloor8.png,floor,stone,good,grey
Stonefloor80.png,floor,stone,good,grey
Stonefloor81.png,floor,stone,good,black
Stonefloor82.png,floor,stone,good,grey
Stonefloor83.png,floor,stone,good,black
Stonefloor84.png,floor,stone,good,mix
Stonefloor85.png,floor,stone,good,black
Stonefloor87.png,floor,stone,good,mix
Stonefloor88.png,floor,stone,good,black
Stonefloor89.png,floor,stone,good,white
Stonefloor9.png,floor,stone,good,grey
Stonefloor90.png,floor,stone,good,grey
Stonefloor91.png,floor,stone,good,white
Stonefloor92.png,floor,stone,good,grey
Stonefloor93.png,floor,stone,good,mix
Stonefloor94.png,floor,stone,good,white
Stonefloor95.png,floor,stone,good,white
Stonefloor96.png,floor,stone,good,grey
Stonefloor97.png,floor,stone,good,grey
Stonefloor99.png,floor,stone,good,grey
Woodfloor1.png,floor,wood,good,brown
Woodfloor10.png,floor,wood,good,brown
Woodfloor100.png,floor,wood,good,brown
Woodfloor101.png,floor,wood,good,brown
Woodfloor102.png,floor,wood,good,brown
Woodfloor103.png,floor,wood,good,brown
Woodfloor104.png,floor,wood,good,brown
Woodfloor105.png,floor,wood,good,brown
Woodfloor106.png,floor,wood,good,brown
Woodfloor107.png,floor,wood,good,grey
Woodfloor108.png,floor,wood,good,brown
Woodfloor109.png,floor,wood,good,brown
Woodfloor11.png,floor,wood,good,brown
Woodfloor110.png,floor,wood,good,brown
Woodfloor111.png,floor,wood,good,brown
Woodfloor112.png,floor,wood,good,brown
Woodfloor113.png,floor,wood,good,brown
Woodfloor114.png,floor,wood,good,brown
Woodfloor115.png,floor,wood,good,brown
Woodfloor116.png,floor,wood,good,brown
Woodfloor117.png,floor,wood,good,brown
Woodfloor118.png,floor,wood,good,brown
Woodfloor119.png,floor,wood,good,brown
Woodfloor12.png,floor,wood,good,brown
Woodfloor120.png,floor,wood,good,brown
Woodfloor121.png,floor,wood,good,brown
Woodfloor122.png,floor,wood,good,brown
Woodfloor123.png,floor,wood,good,brown
Woodfloor124.png,floor,wood,good,brown
Woodfloor125.png,floor,wood,good,brown
Woodfloor126.png,floor,wood,good,brown
Woodfloor127.png,floor,wood,good,brown
Woodfloor128.png,floor,wood,good,brown
Woodfloor129.png,floor,wood,good,brown
Woodfloor13.png,floor,wood,good,brown
Woodfloor130.png,floor,wood,good,brown
Woodfloor131.png,floor,wood,good,brown
Woodfloor132.png,floor,wood,good,brown
Woodfloor133.png,floor,wood,good,brown
Woodfloor134.png,floor,wood,good,brown
Woodfloor135.png,floor,wood,good,brown
Woodfloor136.png,floor,wood,good,brown
Woodfloor138.png,floor,wood,good,brown
Woodfloor139.png,floor,wood,good,brown
Woodfloor14.png,floor,wood,good,brown
Woodfloor140.png,floor,wood,good,brown
Woodfloor141.png,floor,wood,good,brown
Woodfloor142.png,floor,wood,good,brown
Woodfloor143.png,floor,wood,good,brown
Woodfloor144.png,floor,wood,good,brown
Woodfloor145.png,floor,wood,good,brown
Woodfloor146.png,floor,wood,good,grey
Woodfloor147.png,floor,wood,good,brown
Woodfloor148.png,floor,wood,good,brown
Woodfloor149.png,floor,wood,good,brown
Woodfloor15.png,floor,wood,good,brown
Woodfloor150.png,floor,wood,good,brown
Woodfloor151.png,floor,wood,good,brown
Woodfloor152.png,floor,wood,good,brown
Woodfloor153.png,floor,wood,good,brown
Woodfloor154.png,floor,wood,good,brown
Woodfloor155.png,floor,wood,good,brown
Woodfloor156.png,floor,wood,good,brown
Woodfloor157.png,floor,wood,good,brown
Woodfloor158.png,floor,wood,good,brown
Woodfloor159.png,floor,wood,good,brown
Woodfloor16.png,floor,wood,good,brown
Woodfloor160.png,floor,wood,good,brown
Woodfloor161.png,floor,wood,good,brown
Woodfloor162.png,floor,wood,good,brown
Woodfloor163.png,floor,wood,good,brown
Woodfloor164.png,floor,wood,good,brown
Woodfloor165.png,floor,wood,good,brown
Woodfloor166.png,floor,wood,good,brown
Woodfloor167.png,floor,wood,good,brown
Woodfloor168.png,floor,wood,good,brown
Woodfloor169.png,floor,wood,good,brown
Woodfloor17.png,floor,wood,good,brown
Woodfloor170.png,floor,wood,good,brown
Woodfloor172.png,floor,wood,good,brown
Woodfloor173.png,floor,wood,good,brown
Woodfloor174.png,floor,wood,good,brown
Woodfloor175.png,floor,wood,good,brown
Woodfloor176.png,floor,wood,good,brown
Woodfloor177.png,floor,wood,good,brown
Woodfloor178.png,floor,wood,good,brown
Woodfloor18.png,floor,wood,good,brown
Woodfloor180.png,floor,wood,good,brown
Woodfloor181.png,floor,wood,good,brown
Woodfloor182.png,floor,wood,good,brown
Woodfloor183.png,floor,wood,good,brown
Woodfloor184.png,floor,wood,good,brown
Woodfloor185.png,floor,wood,good,brown
Woodfloor186.png,floor,wood,good,brown
Woodfloor187.png,floor,wood,good,brown
Woodfloor188.png,floor,wood,good,brown
Woodfloor19.png,floor,wood,good,brown
Woodfloor190.png,floor,wood,good,brown
Woodfloor191.png,floor,wood,good,brown
Woodfloor192.png,floor,wood,good,brown
Woodfloor193.png,floor,wood,good,brown
Woodfloor194.png,floor,wood,good,brown
Woodfloor195.png,floor,wood,good,brown
Woodfloor197.png,floor,wood,good,brown
Woodfloor199.png,floor,wood,good,brown
Woodfloor2.png,floor,wood,good,brown
Woodfloor20.png,floor,wood,good,brown
Woodfloor200.png,floor,wood,good,brown
Woodfloor201.png,floor,wood,good,brown
Woodfloor202.png,floor,wood,good,brown
Woodfloor203.png,floor,wood,good,brown
Woodfloor204.png,floor,wood,good,brown
Woodfloor205.png,floor,wood,good,brown
Woodfloor206.png,floor,wood,good,brown
Woodfloor207.png,floor,wood,good,brown
Woodfloor208.png,floor,wood,good,brown
Woodfloor209.png,floor,wood,good,brown
Woodfloor21.png,floor,wood,good,brown
Woodfloor210.png,floor,wood,good,brown
Woodfloor211.png,floor,wood,good,brown
Woodfloor212.png,floor,wood,good,brown
Woodfloor213.png,floor,wood,good,brown
Woodfloor214.png,floor,wood,good,brown
Woodfloor215.png,floor,wood,good,brown
Woodfloor216.png,floor,wood,good,brown
Woodfloor217.png,floor,wood,good,brown
Woodfloor218.png,floor,wood,good,brown
Woodfloor219.png,floor,wood,good,brown
Woodfloor22.png,floor,wood,good,brown
Woodfloor220.png,floor,wood,good,brown
Woodfloor221.png,floor,wood,good,brown
Woodfloor222.png,floor,wood,good,brown
Woodfloor223.png,floor,wood,good,brown
Woodfloor225.png,floor,wood,good,brown
Woodfloor226.png,floor,wood,good,brown
Woodfloor227.png,floor,wood,good,brown
Woodfloor228.png,floor,wood,good,brown
Woodfloor229.png,floor,wood,good,brown
Woodfloor23.png,floor,wood,good,brown
Woodfloor230.png,floor,wood,good,brown
Woodfloor231.png,floor,wood,good,brown
Woodfloor232.png,floor,wood,good,brown
Woodfloor233.png,floor,wood,good,brown
Woodfloor234.png,floor,wood,good,brown
Woodfloor235.png,floor,wood,good,brown
Woodfloor236.png,floor,wood,good,brown
Woodfloor238.png,floor,wood,good,brown
Woodfloor239.png,floor,wood,good,brown
Woodfloor24.png,floor,wood,good,brown
Woodfloor240.png,floor,wood,good,brown
Woodfloor241.png,floor,wood,good,brown
Woodfloor242.png,floor,wood,good,brown
Woodfloor243.png,floor,wood,good,brown
Woodfloor244.png,floor,wood,good,brown
Woodfloor245.png,floor,wood,good,brown
Woodfloor246.png,floor,wood,good,brown
Woodfloor247.png,floor,wood,good,brown
Woodfloor248.png,floor,wood,good,brown
Woodfloor250.png,floor,wood,good,brown
Woodfloor251.png,floor,wood,good,brown
Woodfloor252.png,floor,wood,good,brown
Woodfloor253.png,floor,wood,good,brown
Woodfloor254.png,floor,wood,good,brown
Woodfloor255.png,floor,wood,good,brown
Woodfloor256.png,floor,wood,good,brown
Woodfloor257.png,floor,wood,good,brown
Woodfloor258.png,floor,wood,good,brown
Woodfloor259.png,floor,wood,good,brown
Woodfloor26.png,floor,wood,good,brown
Woodfloor260.png,floor,wood,good,brown
Woodfloor261.png,floor,wood,good,brown
Woodfloor262.png,floor,wood,good,brown
Woodfloor263.png,floor,wood,good,brown
Woodfloor264.png,floor,wood,good,brown
Woodfloor265.png,floor,wood,good,brown
Woodfloor266.png,floor,wood,good,brown
Woodfloor267.png,floor,wood,good,brown
Woodfloor268.png,floor,wood,good,brown
Woodfloor269.png,floor,wood,good,brown
Woodfloor27.png,floor,wood,good,brown
Woodfloor270.png,floor,wood,good,brown
Woodfloor271.png,floor,wood,good,brown
Woodfloor273.png,floor,wood,good,brown
Woodfloor274.png,floor,wood,good,brown
Woodfloor275.png,floor,wood,good,brown
Woodfloor276.png,floor,wood,good,brown
Woodfloor277.png,floor,wood,good,brown
Woodfloor28.png,floor,wood,good,brown
Woodfloor280.png,floor,wood,good,brown
Woodfloor281.png,floor,wood,good,brown
Woodfloor282.png,floor,wood,good,brown
Woodfloor284.png,floor,wood,good,brown
Woodfloor285.png,floor,wood,good,brown
Woodfloor286.png,floor,wood,good,brown
Woodfloor287.png,floor,wood,good,brown
Woodfloor288.png,floor,wood,good,brown
Woodfloor289.png,floor,wood,good,brown
Woodfloor29.png,floor,wood,good,brown
Woodfloor290.png,floor,wood,good,brown
Woodfloor291.png,floor,wood,good,brown
Woodfloor292.png,floor,wood,good,brown
Woodfloor293.png,floor,wood,good,brown
Woodfloor294.png,floor,wood,good,brown
Woodfloor295.png,floor,wood,good,brown
Woodfloor296.png,floor,wood,good,brown
Woodfloor297.png,floor,wood,good,brown
Woodfloor298.png,floor,wood,good,brown
Woodfloor299.png,floor,wood,good,brown
Woodfloor3.png,floor,wood,good,brown
Woodfloor30.png,floor,wood,good,brown
Woodfloor31.png,floor,wood,good,brown
Woodfloor32.png,floor,wood,good,brown
Woodfloor33.png,floor,wood,good,brown
Woodfloor34.png,floor,wood,good,brown
Woodfloor35.png,floor,wood,good,brown
Woodfloor36.png,floor,wood,good,brown
Woodfloor37.png,floor,wood,good,brown
Woodfloor38.png,floor,wood,good,brown
Woodfloor39.png,floor,wood,good,brown
Woodfloor4.png,floor,wood,good,brown
Woodfloor40.png,floor,wood,good,brown
Woodfloor41.png,floor,wood,good,brown
Woodfloor42.png,floor,wood,good,brown
Woodfloor43.png,floor,wood,good,brown
Woodfloor44.png,floor,wood,good,grey
Woodfloor45.png,floor,wood,good,brown
Woodfloor46.png,floor,wood,good,grey
Woodfloor47.png,floor,wood,good,brown
Woodfloor48.png,floor,wood,good,brown
Woodfloor49.png,floor,wood,good,brown
Woodfloor51.png,floor,wood,good,brown
Woodfloor52.png,floor,wood,good,brown
Woodfloor53.png,floor,wood,good,brown
Woodfloor54.png,floor,wood,good,brown
Woodfloor55.png,floor,wood,good,brown
Woodfloor56.png,floor,wood,good,brown
Woodfloor57.png,floor,wood,good,brown
Woodfloor58.png,floor,wood,good,brown
Woodfloor59.png,floor,wood,good,brown
Woodfloor6.png,floor,wood,good,brown
Woodfloor60.png,floor,wood,good,brown
Woodfloor61.png,floor,wood,good,brown
Woodfloor62.png,floor,wood,good,brown
Woodfloor63.png,floor,wood,good,brown
Woodfloor64.png,floor,wood,good,brown
Woodfloor65.png,floor,wood,good,brown
Woodfloor66.png,floor,wood,good,brown
Woodfloor67.png,floor,wood,good,brown
Woodfloor68.png,floor,wood,good,brown
Woodfloor69.png,floor,wood,good,brown
Woodfloor7.png,floor,wood,good,brown
Woodfloor70.png,floor,wood,good,brown
Woodfloor71.png,floor,wood,good,brown
Woodfloor72.png,floor,wood,good,brown
Woodfloor73.png,floor,wood,good,brown
Woodfloor74.png,floor,wood,good,brown
Woodfloor75.png,floor,wood,good,brown
Woodfloor76.png,floor,wood,good,brown
Woodfloor77.png,floor,wood,good,brown
Woodfloor78.png,floor,wood,good,brown
Woodfloor79.png,floor,wood,good,brown
Woodfloor8.png,floor,wood,good,brown
Woodfloor80.png,floor,wood,good,brown
Woodfloor81.png,floor,wood,good,brown
Woodfloor82.png,floor,wood,good,brown
Woodfloor83.png,floor,wood,good,brown
Woodfloor85.png,floor,wood,good,brown
Woodfloor86.png,floor,wood,good,brown
Woodfloor87.png,floor,wood,good,brown
Woodfloor88.png,floor,wood,good,brown
Woodfloor89.png,floor,wood,good,brown
Woodfloor9.png,floor,wood,good,brown
Woodfloor90.png,floor,wood,good,brown
Woodfloor91.png,floor,wood,good,brown
Woodfloor92.png,floor,wood,good,brown
Woodfloor93.png,floor,wood,good,brown
Woodfloor94.png,floor,wood,good,brown
Woodfloor95.png,floor,wood,good,brown
Woodfloor96.png,floor,wood,good,brown
Woodfloor97.png,floor,wood,good,brown
Woodfloor98.png,floor,wood,good,brown
Woodfloor99.png,floor,wood,good,brown